feature,importance
special_char_count,0.3711543427420471
https,0.3180718603432348
length,0.1292854733799836
dot_count,0.08666229825591122
subdomain_count,0.03954483772373688
domain_length,0.03098926607031746
hyphen_count,0.016979047235740452
shortener,0.00605324409695487
suspicious_word_count,0.0006026515198933801
contains_ip,0.00036121385119851124
risky_tld,0.00017308203341610633
has_at,0.00012268274756558988
